Hello 2 from the client 5 from 257040,201617,202364
Hello 3 from the client 10 from 27397,214681,215081
Hello 3 from the client 5 from 28684,224894,225066
Hello 3 from the client 6 from 29435,230297,230531
Hello 3 from the client 3 from 29583,232104,232633
Hello 3 from the client 8 from 29689,232105,232949
Hello 3 from the client 9 from 31863,249723,250501
Hello 3 from the client 2 from 32799,256563,256597
Hello 3 from the client 4 from 33144,259371,260591
Hello 4 from the client 2 from 35073,274329,274464
Hello 4 from the client 10 from 35918,281251,281506
Hello 4 from the client 4 from 369448,289063,289179
Hello 4 from the client 3 from 376178,294868,296326
Hello 4 from the client 5 from 377328,295585,296536
Hello 4 from the client 7 from 399708,312753,313458
Hello 4 from the client 9 from 400568,313731,313878
Hello 4 from the client 6 from 414528,324180,324283
Hello 4 from the client 8 from 414838,324244,324599
Hello 5 from the client 9 from 444598,348134,348877
Hello 5 from the client 6 from 446468,349133,349297
Hello 5 from the client 7 from 445958,348885,349613
Hello 5 from the client 8 from 450648,352220,354027
Hello 5 from the client 2 from 457798,357970,359072
Hello 5 from the client 5 from 465248,364269,364642
Hello 5 from the client 10 from 47300,370173,370213
Hello 5 from the client 3 from 489630,383508,383981
Hello 5 from the client 4 from 498910,390207,390393
Hello 6 from the client 4 from 503700,393950,394281
Hello 6 from the client 10 from 50471,394946,395017
Hello 6 from the client 3 from 508501,398250,399431
Hello 6 from the client 6 from 510251,398969,399536
Hello 6 from the client 8 from 52229,408197,409521
Hello 6 from the client 2 from 52784,412697,412884
Hello 6 from the client 9 from 53724,420513,420662
Hello 6 from the client 5 from 53759,420792,421818
Hello 6 from the client 7 from 56388,441018,442103
Hello 7 from the client 6 from 58518,457508,457553
Hello 7 from the client 9 from 58761,459864,460706
Hello 7 from the client 5 from 59872,468550,469745
Hello 7 from the client 8 from 60524,473002,475105
Hello 7 from the client 3 from 60780,475829,475946
Hello 7 from the client 4 from 61068,477527,477628
Hello 7 from the client 7 from 62974,492471,493393
Hello 7 from the client 2 from 63373,495423,495600
Hello 7 from the client 10 from 65128,509455,510209
Hello 8 from the client 4 from 665328,520215,520404
Hello 8 from the client 6 from 69185,540844,541004
Hello 8 from the client 10 from 69952,547142,548046
Hello 8 from the client 2 from 700502,547587,548256
Hello 8 from the client 5 from 700722,548238,548782
Hello 8 from the client 3 from 707672,553852,553932
Hello 8 from the client 9 from 721922,564794,565809
Hello 8 from the client 8 from 723762,565595,565914
Hello 8 from the client 7 from 730332,571057,571589
Hello 9 from the client 8 from 736162,575283,576004
Hello 9 from the client 7 from 748282,585081,585883
Hello 9 from the client 3 from 754082,590110,590823
Hello 9 from the client 6 from 757952,592484,593345
Hello 9 from the client 9 from 755352,590912,596078
Hello 9 from the client 2 from 763962,597165,597339
Hello 9 from the client 10 from 76568,598830,598916
Hello 9 from the client 4 from 780238,609988,611213
Hello 9 from the client 5 from 796058,622714,623615
Hello 10 from the client 3 from 80931,633258,633705
Hello 10 from the client 9 from 82186,642872,644005
Hello 10 from the client 4 from 82486,644856,644951
Hello 10 from the client 8 from 82797,647010,647474
Hello 10 from the client 7 from 82886,648034,648945
Hello 10 from the client 6 from 83797,655000,655146
Hello 10 from the client 2 from 83823,655189,655356
Hello 10 from the client 10 from 84018,657035,657353
Hello 10 from the client 5 from 851188,665785,666497
Hello 11 from the client 4 from 891858,697191,697292
Hello 11 from the client 7 from 901618,704870,705280
Hello 11 from the client 6 from 904628,707071,707277
Hello 11 from the client 9 from 904958,707787,709589
Hello 11 from the client 3 from 907408,709892,710009
Hello 11 from the client 2 from 910248,711446,712217
Hello 11 from the client 8 from 909968,711064,712322
Hello 11 from the client 5 from 916838,717074,717157
Hello 11 from the client 10 from 95966,750376,750684
Hello 12 from the client 6 from 962976,752656,752681
Hello 12 from the client 5 from 969916,758543,759828
Hello 12 from the client 7 from 980896,766807,767500
Hello 12 from the client 2 from 981576,767177,767711
Hello 12 from the client 3 from 995326,778578,778641
Hello 12 from the client 10 from 100470,785566,785999
Hello 12 from the client 9 from 1014310,793224,793672
Hello 12 from the client 8 from 1020810,797666,797980
Hello 12 from the client 4 from 1027140,802888,802920
Hello 13 from the client 9 from 104537,817489,818055
Hello 13 from the client 5 from 105367,823980,824046
Hello 13 from the client 8 from 105619,825307,825728
Hello 13 from the client 4 from 106820,834969,835712
Hello 13 from the client 3 from 107044,837266,838024
Hello 13 from the client 6 from 107490,840102,840547
Hello 13 from the client 2 from 108517,848111,848429
Hello 13 from the client 7 from 109125,853026,853264
Hello 13 from the client 10 from 109216,853892,854105
Hello 14 from the client 5 from 1123136,878246,878384
Hello 14 from the client 7 from 113580,887835,888578
Hello 14 from the client 8 from 114635,895744,896356
Hello 14 from the client 4 from 115100,899653,899720
Hello 14 from the client 10 from 115066,899595,899825
Hello 14 from the client 9 from 1160756,907630,908864
Hello 14 from the client 3 from 1162086,908860,911176
Hello 14 from the client 2 from 117678,919685,919899
Hello 14 from the client 6 from 117949,921813,921896
Hello 15 from the client 2 from 119375,932939,934193
Hello 15 from the client 6 from 119590,934633,934718
Hello 15 from the client 5 from 121035,946386,946490
Hello 15 from the client 10 from 120978,945783,946595
Hello 15 from the client 7 from 1222878,955854,956685
Hello 15 from the client 4 from 1231248,962340,962676
Hello 15 from the client 9 from 1232428,963622,964358
Hello 15 from the client 3 from 1241638,971008,971715
Hello 15 from the client 8 from 1244198,972182,972871
Hello 16 from the client 10 from 128988,1008361,1008396
Hello 16 from the client 2 from 1297768,1014197,1014912
Hello 16 from the client 8 from 1299898,1015697,1017435
Hello 16 from the client 9 from 130377,1019364,1019852
Hello 16 from the client 6 from 130603,1020672,1020903
Hello 16 from the client 3 from 131028,1024641,1024686
Hello 16 from the client 5 from 133127,1040856,1040977
Hello 16 from the client 4 from 133697,1044942,1045076
Hello 16 from the client 7 from 134443,1050823,1052539
Hello 17 from the client 3 from 137486,1075094,1075136
Hello 17 from the client 4 from 137747,1076582,1077868
Hello 17 from the client 8 from 139052,1086502,1088063
Hello 17 from the client 7 from 139306,1088816,1090375
Hello 17 from the client 9 from 140097,1095303,1095526
Hello 17 from the client 2 from 140969,1101642,1101832
Hello 17 from the client 10 from 141705,1107715,1108033
Hello 17 from the client 5 from 1419425,1109723,1110450
Hello 17 from the client 6 from 1421225,1110665,1110871
Hello 18 from the client 8 from 1441755,1126525,1126741
Hello 18 from the client 6 from 1446715,1130579,1130630
Hello 18 from the client 2 from 1446995,1130783,1130945
Hello 18 from the client 4 from 1447155,1131020,1131155
Hello 18 from the client 3 from 1475715,1153883,1153963
Hello 18 from the client 7 from 1476365,1153893,1154278
Hello 18 from the client 9 from 1481225,1157997,1158587
Hello 18 from the client 10 from 148846,1163502,1163527
Hello 18 from the client 5 from 1491526,1166051,1166155
